{"utctime":1574201146615,"version":"10.1.1","commit":"a03cf834efd55898ae6d738d316bebb6e51f3cf6","branch":"perf2","suites":[{"0":{"name":"Arr.append: append - 1000 elements","options":{"async":false,"defer":false,"delay":0.005,"initCount":1,"maxTime":1,"minSamples":5,"minTime":0.05},"async":false,"defer":false,"delay":0.005,"initCount":1,"maxTime":1,"minSamples":5,"minTime":0.05,"id":1,"stats":{"moe":3.007989451880696e-7,"rme":0.25400758527177236,"sem":1.4503324261719847e-7,"deviation":6.955549968718222e-7,"mean":0.00011842124512393337,"sample":[0.00011751411214953272,0.00011828155140186917,0.0001189470046728972,0.00011880501869158879,0.00011879428037383176,0.00011742668925233645,0.0001171123808411215,0.00011890466588785046,0.00011834466822429906,0.0001185388761682243,0.00011883107710280374,0.00011869601635514019,0.00011860139018691588,0.00011867683177570093,0.00011870671028037382,0.00011822110981308411,0.00011856681542056075,0.00012033864953271028,0.00011762527102803739,0.00011747615654205608,0.0001182373621495327,0.00011800056542056074,0.00011904143457943926],"variance":4.837967536733606e-13},"times":{"cycle":0.05068429291304348,"elapsed":1.469,"period":0.00011842124512393337,"timeStamp":1574201143851},"running":false,"count":428,"cycles":6,"hz":8444.430718098372},"1":{"name":"Arr.append: append - 10000 elements","options":{"async":false,"defer":false,"delay":0.005,"initCount":1,"maxTime":1,"minSamples":5,"minTime":0.05},"async":false,"defer":false,"delay":0.005,"initCount":1,"maxTime":1,"minSamples":5,"minTime":0.05,"id":2,"stats":{"moe":0.000004924658603850936,"rme":0.43562322326626,"sem":0.0000023676243287744885,"deviation":0.00001110514246502523,"mean":0.0011304857823984523,"sample":[0.0011529091276595745,0.0011347949574468084,0.0011223649787234042,0.0011361251914893617,0.001128074404255319,0.0011197291276595744,0.0011241936170212766,0.0011072812340425532,0.001125063595744681,0.0011521333829787235,0.0011235828723404255,0.0011513896170212766,0.001130191170212766,0.0011399361914893617,0.0011205442765957448,0.0011239647872340426,0.001128154404255319,0.0011319838723404254,0.001127474659574468,0.0011322099574468084,0.0011334858085106383,0.0011250999787234043],"variance":1.2332418916850662e-10},"times":{"cycle":0.053132831772727256,"elapsed":1.273,"period":0.0011304857823984523,"timeStamp":1574201145322},"running":false,"count":47,"cycles":2,"hz":884.575476817044},"name":"Arr.append","options":{},"length":2,"events":{"cycle":[null],"error":[null]},"running":false}]}