{"utctime":1574201165106,"version":"10.1.1","commit":"a03cf834efd55898ae6d738d316bebb6e51f3cf6","branch":"perf2","suites":[{"0":{"name":"Arr.append: append - 1000 elements","options":{"async":false,"defer":false,"delay":0.005,"initCount":1,"maxTime":1,"minSamples":5,"minTime":0.05},"async":false,"defer":false,"delay":0.005,"initCount":1,"maxTime":1,"minSamples":5,"minTime":0.05,"id":1,"stats":{"moe":1.6037527325607604e-8,"rme":0.2715955518768857,"sem":7.63328287749053e-9,"deviation":3.327270867044059e-8,"mean":0.0000059049300383525486,"sample":[0.000005942843298484671,0.000005920319628803007,0.000005909773405380007,0.000005918564834390416,0.000005965623185011709,0.000005885947540983607,0.000005979951288056206,0.000005897384894613583,0.000005869503278688525,0.000005876851053864169,0.000005863308178308179,0.000005921876564876565,0.000005872708552708553,0.000005906729495729496,0.00000592673674973675,0.000005891461853020213,0.000005862181446430658,0.000005878010982591424,0.00000590389449702068],"variance":1.1070731422680123e-15},"times":{"cycle":0.05054029619825946,"elapsed":1.466,"period":0.0000059049300383525486,"timeStamp":1574201162163},"running":false,"count":8559,"cycles":6,"hz":169350.01659714768},"1":{"name":"Arr.append: append - 10000 elements","options":{"async":false,"defer":false,"delay":0.005,"initCount":1,"maxTime":1,"minSamples":5,"minTime":0.05},"async":false,"defer":false,"delay":0.005,"initCount":1,"maxTime":1,"minSamples":5,"minTime":0.05,"id":2,"stats":{"moe":1.998393923434356e-7,"rme":0.33645268815246443,"sem":9.635457682904321e-8,"deviation":4.621003169721827e-7,"mean":0.00005939598623533002,"sample":[0.00006077776207302709,0.00005905166666666667,0.00005920693224299066,0.00005913088785046729,0.00005939401985981309,0.00005916471261682243,0.00005912560046728972,0.000059106806074766356,0.000060603480140186916,0.00005903952336448598,0.000059578823598130834,0.00005939024415887851,0.000059409280373831777,0.00005909816355140187,0.000059271578271028036,0.000059490947429906536,0.000058766372663551405,0.00005945943691588785,0.00005971152453271028,0.00005927795093457944,0.00005909059929906542,0.00005949114135514019,0.00005947022897196262],"variance":2.1353670294579176e-13},"times":{"cycle":0.0508429642174425,"elapsed":1.454,"period":0.00005939598623533002,"timeStamp":1574201163631},"running":false,"count":856,"cycles":6,"hz":16836.154484209546},"name":"Arr.append","options":{},"length":2,"events":{"cycle":[null],"error":[null]},"running":false}]}